<?xml version = "1.0" encoding = "utf-8"?>
<extension type="module" version="3.9.0" client="site" method="upgrade">
    <name>Footer Informatie</name>
    <author>Dylan</author>
    <version>1.0.0</version>
    <creationDate>September 2019</creationDate>
    <description>Footer informatie</description>
    <files>
        <filename>mod_infor.xml</filename>
        <filename module="mod_infor">mod_infor.php</filename>
        <filename>helper.php</filename>
        <filename>index.html</filename>
        <filename>tmpl/default.php</filename>
        <filename>tmpl/index.html</filename>
        <filename>css/style.css</filename>
        <filename>css/index.html</filename>
        <filename>js/index.html</filename>
        <filename>js/javascript.js</filename>
        <filename>sql/install.sql</filename>
        <filename>sql/uninstall.sql</filename>
    </files>
    <install>
      <sql>
        <file driver="mysql" charset="utf8">sql/install.sql</file>
      </sql>
    </install>
    <uninstall>
      <sql>
        <file driver="mysql" charset="utf8">sql/uninstall.sql</file>
      </sql>
    </uninstall>
    <config>
        <fields name="params">
            <fieldset name="basic">
                <field name="grote" type="text" label="HREF pagina"/>
                <field name="font" type="text" label="Font size in pixels" default="15"/>
                <field name="aantal" type="number" label="Aantal vakken" max="9" default="1"></field>
                <field name="social" type="radio" class="btn-group btn-group-yesno" label="social media" default="true">
                    <option value="1">wel</option>
                    <option value="0">geen</option>
                </field>
                <field name="grote" type="text" label="Grote size Social" default="15"/>
                <field name="kleur" type="list" label="social media" default="wit">
                    <option value="black">zwart</option>
                    <option value="white">wit</option>
                    <option value="lightblue">blauw</option>
                </field>
                <field name="facebook" type="text" label="link Facebook"></field>
                <field name="instagram" type="text" label="link Instagram"></field>
                <field name="twitter" type="text" label="link Twitter"></field>
                <field name="linkedin" type="text" label="link LinkedIn"></field>
                <field name="youtube" type="text" label="link Youtube"></field>
            </fieldset>
        </fields>
    </config>
</extension>
